{"cameraMode":{"drawMode":0,"name":"Shaded","section":"Shading Mode"},"sceneLighting":true,"audioPlay":false,"sceneViewState":{"m_AlwaysRefresh":false,"showFog":false,"showSkybox":false,"showFlares":false,"showImageEffects":false,"showParticleSystems":false,"showVisualEffectGraphs":true,"m_FxEnabled":true},"in2DMode":false,"pivot":{"x":49.584205627441409,"y":51.675411224365237,"z":5.3905487060546879},"rotation":{"x":0.08952688425779343,"y":-0.08802710473537445,"z":0.007942900992929936,"w":0.9920529127120972},"size":212.15391540527345,"orthographic":true}