{"cameraMode":{"drawMode":0,"name":"Shaded","section":"Shading Mode"},"sceneLighting":true,"audioPlay":false,"sceneViewState":{"m_AlwaysRefresh":false,"showFog":false,"showSkybox":false,"showFlares":false,"showImageEffects":false,"showParticleSystems":false,"showVisualEffectGraphs":true,"m_FxEnabled":true},"in2DMode":false,"pivot":{"x":-1.8084971904754639,"y":-0.8839702606201172,"z":20.721330642700197},"rotation":{"x":0.18735162913799287,"y":-0.2795301675796509,"z":0.05499712750315666,"w":0.9401705861091614},"size":13.831073760986329,"orthographic":true}