{"cameraMode":{"drawMode":0,"name":"Shaded","section":"Shading Mode"},"sceneLighting":true,"audioPlay":false,"sceneViewState":{"m_AlwaysRefresh":false,"showFog":false,"showSkybox":false,"showFlares":false,"showImageEffects":false,"showParticleSystems":false,"showVisualEffectGraphs":true,"m_FxEnabled":true},"in2DMode":false,"pivot":{"x":11.854583740234375,"y":16.601665496826173,"z":-17.115251541137697},"rotation":{"x":0.09118183702230454,"y":-0.19826962053775788,"z":0.01768178679049015,"w":0.9758482575416565},"size":43.117332458496097,"orthographic":true}