{"cameraMode":{"drawMode":0,"name":"Shaded","section":"Shading Mode"},"sceneLighting":true,"audioPlay":false,"sceneViewState":{"m_AlwaysRefresh":false,"showFog":false,"showSkybox":false,"showFlares":false,"showImageEffects":false,"showParticleSystems":false,"showVisualEffectGraphs":true,"m_FxEnabled":true},"in2DMode":false,"pivot":{"x":3.457700252532959,"y":3.4300003051757814,"z":10.849998474121094},"rotation":{"x":0.015036175958812237,"y":-0.06235237047076225,"z":-0.00008163975144270808,"w":0.9980624914169312},"size":9.041224479675293,"orthographic":true}