{"cameraMode":{"drawMode":0,"name":"Shaded","section":"Shading Mode"},"sceneLighting":true,"audioPlay":false,"sceneViewState":{"m_AlwaysRefresh":false,"showFog":false,"showSkybox":false,"showFlares":false,"showImageEffects":false,"showParticleSystems":false,"showVisualEffectGraphs":true,"m_FxEnabled":true},"in2DMode":false,"pivot":{"x":-2.0848302841186525,"y":6.359105587005615,"z":-1.8461894989013672},"rotation":{"x":0.15897484123706819,"y":0.09656894207000733,"z":-0.016565777361392976,"w":0.9825406074523926},"size":15.714978218078614,"orthographic":true}