{"cameraMode":{"drawMode":0,"name":"Shaded","section":"Shading Mode"},"sceneLighting":true,"audioPlay":false,"sceneViewState":{"showFog":false,"showMaterialUpdate":false,"showSkybox":false,"showFlares":false,"showImageEffects":false,"showParticleSystems":false},"in2DMode":false,"pivot":{"x":-31.30978012084961,"y":-27.698347091674806,"z":75.6584701538086},"rotation":{"x":-0.22177284955978394,"y":0.03859986364841461,"z":-0.008784415200352669,"w":-0.9743001461029053},"size":62.87724685668945,"orthographic":false}