{"cameraMode":{"drawMode":0,"name":"Shaded","section":"Shading Mode"},"sceneLighting":true,"audioPlay":false,"sceneViewState":{"showFog":false,"showMaterialUpdate":false,"showSkybox":false,"showFlares":false,"showImageEffects":false,"showParticleSystems":false},"in2DMode":false,"pivot":{"x":1.7180227041244507,"y":4.9104204177856449,"z":0.6522091031074524},"rotation":{"x":0.1286410689353943,"y":-0.007438851986080408,"z":0.0009609171538613737,"w":0.9916797280311585},"size":11.226515769958496,"orthographic":true}