{"cameraMode":{"drawMode":0,"name":"Shaded","section":"Shading Mode"},"sceneLighting":true,"audioPlay":false,"sceneViewState":{"showFog":false,"showMaterialUpdate":false,"showSkybox":false,"showFlares":false,"showImageEffects":false,"showParticleSystems":false},"in2DMode":false,"pivot":{"x":3.8209824562072756,"y":-36.12095260620117,"z":67.26283264160156},"rotation":{"x":-0.24526605010032655,"y":-0.011054388247430325,"z":0.002797778695821762,"w":-0.9693939089775086},"size":49.88457107543945,"orthographic":false}